ubica_geo,entidad,desc_ent,municipio,desc_mun
"01001","01","Aguascalientes","001","Aguascalientes"
"01002","01","Aguascalientes","002","Asientos"
"01003","01","Aguascalientes","003","Calvillo"
"01005","01","Aguascalientes","005","Jesús María"
"01006","01","Aguascalientes","006","Pabellón De Arteaga"
"01007","01","Aguascalientes","007","Rincón De Romos"
"01008","01","Aguascalientes","008","San José De Gracia"
"01009","01","Aguascalientes","009","Tepezalá"
"01010","01","Aguascalientes","010","El Llano"
"01011","01","Aguascalientes","011","San Francisco De Los Romo"
"02001","02","Baja California","001","Ensenada"
"02002","02","Baja California","002","Mexicali"
"02003","02","Baja California","003","Tecate"
"02004","02","Baja California","004","Tijuana"
"02005","02","Baja California","005","Playas De Rosarito"
"02006","02","Baja California","006","San Quintín"
"03001","03","Baja California Sur","001","Comondú"
"03002","03","Baja California Sur","002","Mulegé"
"03003","03","Baja California Sur","003","La Paz"
"03008","03","Baja California Sur","008","Los Cabos"
"03009","03","Baja California Sur","009","Loreto"
"04001","04","Campeche","001","Calkiní"
"04002","04","Campeche","002","Campeche"
"04003","04","Campeche","003","Carmen"
"04004","04","Campeche","004","Champotón"
"04005","04","Campeche","005","Hecelchakán"
"04006","04","Campeche","006","Hopelchén"
"04008","04","Campeche","008","Tenabo"
"04009","04","Campeche","009","Escárcega"
"04010","04","Campeche","010","Calakmul"
"04011","04","Campeche","011","Candelaria"
"04012","04","Campeche","012","Seybaplaya"
"05001","05","Coahuila de Zaragoza","001","Abasolo"
"05002","05","Coahuila de Zaragoza","002","Acuña"
"05003","05","Coahuila de Zaragoza","003","Allende"
"05004","05","Coahuila de Zaragoza","004","Arteaga"
"05006","05","Coahuila de Zaragoza","006","Castaños"
"05007","05","Coahuila de Zaragoza","007","Cuatro Ciénegas"
"05008","05","Coahuila de Zaragoza","008","Escobedo"
"05009","05","Coahuila de Zaragoza","009","Francisco I. Madero"
"05010","05","Coahuila de Zaragoza","010","Frontera"
"05011","05","Coahuila de Zaragoza","011","General Cepeda"
"05012","05","Coahuila de Zaragoza","012","Guerrero"
"05014","05","Coahuila de Zaragoza","014","Jiménez"
"05017","05","Coahuila de Zaragoza","017","Matamoros"
"05018","05","Coahuila de Zaragoza","018","Monclova"
"05019","05","Coahuila de Zaragoza","019","Morelos"
"05020","05","Coahuila de Zaragoza","020","Múzquiz"
"05021","05","Coahuila de Zaragoza","021","Nadadores"
"05022","05","Coahuila de Zaragoza","022","Nava"
"05023","05","Coahuila de Zaragoza","023","Ocampo"
"05024","05","Coahuila de Zaragoza","024","Parras"
"05025","05","Coahuila de Zaragoza","025","Piedras Negras"
"05027","05","Coahuila de Zaragoza","027","Ramos Arizpe"
"05028","05","Coahuila de Zaragoza","028","Sabinas"
"05030","05","Coahuila de Zaragoza","030","Saltillo"
"05032","05","Coahuila de Zaragoza","032","San Juan De Sabinas"
"05033","05","Coahuila de Zaragoza","033","San Pedro"
"05035","05","Coahuila de Zaragoza","035","Torreón"
"05036","05","Coahuila de Zaragoza","036","Viesca"
"05038","05","Coahuila de Zaragoza","038","Zaragoza"
"06001","06","Colima","001","Armería"
"06002","06","Colima","002","Colima"
"06003","06","Colima","003","Comala"
"06004","06","Colima","004","Coquimatlán"
"06005","06","Colima","005","Cuauhtémoc"
"06006","06","Colima","006","Ixtlahuacán"
"06007","06","Colima","007","Manzanillo"
"06008","06","Colima","008","Minatitlán"
"06009","06","Colima","009","Tecomán"
"06010","06","Colima","010","Villa De Álvarez"
"07002","07","Chiapas","002","Acala"
"07003","07","Chiapas","003","Acapetahua"
"07005","07","Chiapas","005","Amatán"
"07015","07","Chiapas","015","Cacahoatán"
"07017","07","Chiapas","017","Cintalapa"
"07019","07","Chiapas","019","Comitán De Domínguez"
"07021","07","Chiapas","021","Copainalá"
"07023","07","Chiapas","023","Chamula"
"07027","07","Chiapas","027","Chiapa De Corzo"
"07031","07","Chiapas","031","Chilón"
"07040","07","Chiapas","040","Huixtla"
"07041","07","Chiapas","041","La Independencia"
"07044","07","Chiapas","044","Ixtapa"
"07046","07","Chiapas","046","Jiquipilas"
"07051","07","Chiapas","051","Mapastepec"
"07052","07","Chiapas","052","Las Margaritas"
"07059","07","Chiapas","059","Ocosingo"
"07061","07","Chiapas","061","Ocozocoautla De Espinosa"
"07062","07","Chiapas","062","Ostuacán"
"07064","07","Chiapas","064","Oxchuc"
"07065","07","Chiapas","065","Palenque"
"07067","07","Chiapas","067","Pantepec"
"07068","07","Chiapas","068","Pichucalco"
"07069","07","Chiapas","069","Pijijiapan"
"07072","07","Chiapas","072","Pueblo Nuevo Solistahuacán"
"07074","07","Chiapas","074","Reforma"
"07077","07","Chiapas","077","Salto De Agua"
"07078","07","Chiapas","078","San Cristóbal De Las Casas"
"07079","07","Chiapas","079","San Fernando"
"07084","07","Chiapas","084","Solosuchiapa"
"07089","07","Chiapas","089","Tapachula"
"07090","07","Chiapas","090","Tapalapa"
"07093","07","Chiapas","093","Tenejapa"
"07096","07","Chiapas","096","Tila"
"07097","07","Chiapas","097","Tonalá"
"07099","07","Chiapas","099","La Trinitaria"
"07100","07","Chiapas","100","Tumbalá"
"07101","07","Chiapas","101","Tuxtla Gutiérrez"
"07102","07","Chiapas","102","Tuxtla Chico"
"07105","07","Chiapas","105","Unión Juárez"
"07107","07","Chiapas","107","Villa Corzo"
"07108","07","Chiapas","108","Villaflores"
"07109","07","Chiapas","109","Yajalón"
"07110","07","Chiapas","110","San Lucas"
"07111","07","Chiapas","111","Zinacantán"
"07114","07","Chiapas","114","Benemérito De Las Américas"
"07115","07","Chiapas","115","Maravilla Tenejapa"
"07118","07","Chiapas","118","San Andrés Duraznal"
"07124","07","Chiapas","124","Mezcalapa"
"08001","08","Chihuahua","001","Ahumada"
"08002","08","Chihuahua","002","Aldama"
"08003","08","Chihuahua","003","Allende"
"08004","08","Chihuahua","004","Aquiles Serdán"
"08005","08","Chihuahua","005","Ascensión"
"08006","08","Chihuahua","006","Bachíniva"
"08007","08","Chihuahua","007","Balleza"
"08008","08","Chihuahua","008","Batopilas De Manuel Gómez Morín"
"08009","08","Chihuahua","009","Bocoyna"
"08010","08","Chihuahua","010","Buenaventura"
"08011","08","Chihuahua","011","Camargo"
"08012","08","Chihuahua","012","Carichí"
"08013","08","Chihuahua","013","Casas Grandes"
"08017","08","Chihuahua","017","Cuauhtémoc"
"08019","08","Chihuahua","019","Chihuahua"
"08021","08","Chihuahua","021","Delicias"
"08022","08","Chihuahua","022","Dr. Belisario Domínguez"
"08026","08","Chihuahua","026","Gran Morelos"
"08027","08","Chihuahua","027","Guachochi"
"08029","08","Chihuahua","029","Guadalupe Y Calvo"
"08031","08","Chihuahua","031","Guerrero"
"08032","08","Chihuahua","032","Hidalgo Del Parral"
"08035","08","Chihuahua","035","Janos"
"08036","08","Chihuahua","036","Jiménez"
"08037","08","Chihuahua","037","Juárez"
"08038","08","Chihuahua","038","Julimes"
"08039","08","Chihuahua","039","López"
"08040","08","Chihuahua","040","Madera"
"08043","08","Chihuahua","043","Matachí"
"08044","08","Chihuahua","044","Matamoros"
"08045","08","Chihuahua","045","Meoqui"
"08048","08","Chihuahua","048","Namiquipa"
"08049","08","Chihuahua","049","Nonoava"
"08050","08","Chihuahua","050","Nuevo Casas Grandes"
"08051","08","Chihuahua","051","Ocampo"
"08052","08","Chihuahua","052","Ojinaga"
"08053","08","Chihuahua","053","Praxedis G. Guerrero"
"08055","08","Chihuahua","055","Rosales"
"08058","08","Chihuahua","058","San Francisco De Conchos"
"08062","08","Chihuahua","062","Saucillo"
"08065","08","Chihuahua","065","Urique"
"08066","08","Chihuahua","066","Uruachi"
"09002","09","Ciudad de México","002","Azcapotzalco"
"09003","09","Ciudad de México","003","Coyoacán"
"09004","09","Ciudad de México","004","Cuajimalpa De Morelos"
"09005","09","Ciudad de México","005","Gustavo A. Madero"
"09006","09","Ciudad de México","006","Iztacalco"
"09007","09","Ciudad de México","007","Iztapalapa"
"09008","09","Ciudad de México","008","La Magdalena Contreras"
"09009","09","Ciudad de México","009","Milpa Alta"
"09010","09","Ciudad de México","010","Álvaro Obregón"
"09011","09","Ciudad de México","011","Tláhuac"
"09012","09","Ciudad de México","012","Tlalpan"
"09013","09","Ciudad de México","013","Xochimilco"
"09014","09","Ciudad de México","014","Benito Juárez"
"09015","09","Ciudad de México","015","Cuauhtémoc"
"09016","09","Ciudad de México","016","Miguel Hidalgo"
"09017","09","Ciudad de México","017","Venustiano Carranza"
"10001","10","Durango","001","Canatlán"
"10003","10","Durango","003","Coneto De Comonfort"
"10004","10","Durango","004","Cuencamé"
"10005","10","Durango","005","Durango"
"10006","10","Durango","006","General Simón Bolívar"
"10007","10","Durango","007","Gómez Palacio"
"10008","10","Durango","008","Guadalupe Victoria"
"10009","10","Durango","009","Guanaceví"
"10012","10","Durango","012","Lerdo"
"10013","10","Durango","013","Mapimí"
"10014","10","Durango","014","Mezquital"
"10015","10","Durango","015","Nazas"
"10016","10","Durango","016","Nombre De Dios"
"10017","10","Durango","017","Ocampo"
"10018","10","Durango","018","El Oro"
"10021","10","Durango","021","Peñón Blanco"
"10022","10","Durango","022","Poanas"
"10023","10","Durango","023","Pueblo Nuevo"
"10026","10","Durango","026","San Dimas"
"10027","10","Durango","027","San Juan De Guadalupe"
"10028","10","Durango","028","San Juan Del Rio"
"10031","10","Durango","031","Santa Clara"
"10032","10","Durango","032","Santiago Papasquiaro"
"10033","10","Durango","033","Súchil"
"10035","10","Durango","035","Tepehuanes"
"10036","10","Durango","036","Tlahualilo"
"10037","10","Durango","037","Topia"
"10038","10","Durango","038","Vicente Guerrero"
"10039","10","Durango","039","Nuevo Ideal"
"11001","11","Guanajuato","001","Abasolo"
"11002","11","Guanajuato","002","Acámbaro"
"11003","11","Guanajuato","003","San Miguel De Allende"
"11004","11","Guanajuato","004","Apaseo El Alto"
"11005","11","Guanajuato","005","Apaseo El Grande"
"11007","11","Guanajuato","007","Celaya"
"11008","11","Guanajuato","008","Manuel Doblado"
"11010","11","Guanajuato","010","Coroneo"
"11012","11","Guanajuato","012","Cuerámaro"
"11014","11","Guanajuato","014","Dolores Hidalgo Cuna De La Independencia Nacional"
"11015","11","Guanajuato","015","Guanajuato"
"11016","11","Guanajuato","016","Huanímaro"
"11017","11","Guanajuato","017","Irapuato"
"11019","11","Guanajuato","019","Jerécuaro"
"11020","11","Guanajuato","020","León"
"11023","11","Guanajuato","023","Pénjamo"
"11025","11","Guanajuato","025","Purísima Del Rincón"
"11026","11","Guanajuato","026","Romita"
"11027","11","Guanajuato","027","Salamanca"
"11028","11","Guanajuato","028","Salvatierra"
"11029","11","Guanajuato","029","San Diego De La Unión"
"11031","11","Guanajuato","031","San Francisco Del Rincón"
"11032","11","Guanajuato","032","San José Iturbide"
"11033","11","Guanajuato","033","San Luis De La Paz"
"11035","11","Guanajuato","035","Santa Cruz De Juventino Rosas"
"11037","11","Guanajuato","037","Silao De La Victoria"
"11038","11","Guanajuato","038","Tarandacuao"
"11039","11","Guanajuato","039","Tarimoro"
"11040","11","Guanajuato","040","Tierra Blanca"
"11041","11","Guanajuato","041","Uriangato"
"11042","11","Guanajuato","042","Valle De Santiago"
"11044","11","Guanajuato","044","Villagrán"
"11045","11","Guanajuato","045","Xichú"
"11046","11","Guanajuato","046","Yuriria"
"12001","12","Guerrero","001","Acapulco De Juárez"
"12003","12","Guerrero","003","Ajuchitlán Del Progreso"
"12007","12","Guerrero","007","Arcelia"
"12010","12","Guerrero","010","Atlixtac"
"12011","12","Guerrero","011","Atoyac De Álvarez"
"12012","12","Guerrero","012","Ayutla De Los Libres"
"12015","12","Guerrero","015","Buenavista De Cuéllar"
"12017","12","Guerrero","017","Cocula"
"12019","12","Guerrero","019","Copalillo"
"12020","12","Guerrero","020","Copanatoyac"
"12021","12","Guerrero","021","Coyuca De Benítez"
"12022","12","Guerrero","022","Coyuca De Catalán"
"12023","12","Guerrero","023","Cuajinicuilapa"
"12024","12","Guerrero","024","Cualác"
"12025","12","Guerrero","025","Cuautepec"
"12026","12","Guerrero","026","Cuetzala Del Progreso"
"12027","12","Guerrero","027","Cutzamala De Pinzón"
"12028","12","Guerrero","028","Chilapa De Álvarez"
"12029","12","Guerrero","029","Chilpancingo De Los Bravo"
"12032","12","Guerrero","032","General Heliodoro Castillo"
"12035","12","Guerrero","035","Iguala De La Independencia"
"12036","12","Guerrero","036","Igualapa"
"12038","12","Guerrero","038","Zihuatanejo De Azueta"
"12040","12","Guerrero","040","Leonardo Bravo"
"12041","12","Guerrero","041","Malinaltepec"
"12042","12","Guerrero","042","Mártir De Cuilapan"
"12045","12","Guerrero","045","Olinalá"
"12046","12","Guerrero","046","Ometepec"
"12048","12","Guerrero","048","Petatlán"
"12050","12","Guerrero","050","Pungarabato"
"12051","12","Guerrero","051","Quechultenango"
"12052","12","Guerrero","052","San Luis Acatlán"
"12053","12","Guerrero","053","San Marcos"
"12054","12","Guerrero","054","San Miguel Totolapan"
"12055","12","Guerrero","055","Taxco De Alarcón"
"12056","12","Guerrero","056","Tecoanapa"
"12057","12","Guerrero","057","Técpan De Galeana"
"12058","12","Guerrero","058","Teloloapan"
"12059","12","Guerrero","059","Tepecoacuilco De Trujano"
"12061","12","Guerrero","061","Tixtla De Guerrero"
"12066","12","Guerrero","066","Tlapa De Comonfort"
"12067","12","Guerrero","067","Tlapehuala"
"12068","12","Guerrero","068","La Unión De Isidoro Montes De Oca"
"12069","12","Guerrero","069","Xalpatláhuac"
"12074","12","Guerrero","074","Zitlala"
"12075","12","Guerrero","075","Eduardo Neri"
"12078","12","Guerrero","078","Cochoapa El Grande"
"12079","12","Guerrero","079","José Joaquín De Herrera"
"13003","13","Hidalgo","003","Actopan"
"13006","13","Hidalgo","006","Alfajayucan"
"13008","13","Hidalgo","008","Apan"
"13011","13","Hidalgo","011","Atlapexco"
"13013","13","Hidalgo","013","Atotonilco De Tula"
"13014","13","Hidalgo","014","Calnali"
"13016","13","Hidalgo","016","Cuautepec De Hinojosa"
"13022","13","Hidalgo","022","Epazoyucan"
"13023","13","Hidalgo","023","Francisco I. Madero"
"13024","13","Hidalgo","024","Huasca De Ocampo"
"13025","13","Hidalgo","025","Huautla"
"13027","13","Hidalgo","027","Huehuetla"
"13028","13","Hidalgo","028","Huejutla De Reyes"
"13029","13","Hidalgo","029","Huichapan"
"13030","13","Hidalgo","030","Ixmiquilpan"
"13032","13","Hidalgo","032","Jaltocán"
"13033","13","Hidalgo","033","Juárez Hidalgo"
"13037","13","Hidalgo","037","Metztitlán"
"13041","13","Hidalgo","041","Mixquiahuala De Juárez"
"13042","13","Hidalgo","042","Molango De Escamilla"
"13048","13","Hidalgo","048","Pachuca De Soto"
"13049","13","Hidalgo","049","Pisaflores"
"13051","13","Hidalgo","051","Mineral De La Reforma"
"13052","13","Hidalgo","052","San Agustín Tlaxiaca"
"13054","13","Hidalgo","054","San Salvador"
"13056","13","Hidalgo","056","Santiago Tulantepec De Lugo Guerrero"
"13057","13","Hidalgo","057","Singuilucan"
"13058","13","Hidalgo","058","Tasquillo"
"13059","13","Hidalgo","059","Tecozautla"
"13062","13","Hidalgo","062","Tepehuacán De Guerrero"
"13063","13","Hidalgo","063","Tepeji Del Rio De Ocampo"
"13067","13","Hidalgo","067","Tezontepec De Aldama"
"13068","13","Hidalgo","068","Tianguistengo"
"13069","13","Hidalgo","069","Tizayuca"
"13072","13","Hidalgo","072","Tlanalapa"
"13073","13","Hidalgo","073","Tlanchinol"
"13074","13","Hidalgo","074","Tlaxcoapan"
"13075","13","Hidalgo","075","Tolcayuca"
"13076","13","Hidalgo","076","Tula De Allende"
"13077","13","Hidalgo","077","Tulancingo De Bravo"
"13078","13","Hidalgo","078","Xochiatipan"
"13080","13","Hidalgo","080","Yahualica"
"13081","13","Hidalgo","081","Zacualtipán De Ángeles"
"13082","13","Hidalgo","082","Zapotlán De Juárez"
"13083","13","Hidalgo","083","Zempoala"
"13084","13","Hidalgo","084","Zimapán"
"14001","14","Jalisco","001","Acatic"
"14006","14","Jalisco","006","Ameca"
"14013","14","Jalisco","013","Atotonilco El Alto"
"14014","14","Jalisco","014","Atoyac"
"14015","14","Jalisco","015","Autlán De Navarro"
"14018","14","Jalisco","018","La Barca"
"14022","14","Jalisco","022","Cihuatlán"
"14023","14","Jalisco","023","Zapotlán El Grande"
"14024","14","Jalisco","024","Cocula"
"14025","14","Jalisco","025","Colotlán"
"14027","14","Jalisco","027","Cuautitlán De García Barragán"
"14029","14","Jalisco","029","Cuquío"
"14030","14","Jalisco","030","Chapala"
"14032","14","Jalisco","032","Chiquilistlán"
"14034","14","Jalisco","034","Ejutla"
"14035","14","Jalisco","035","Encarnación De Díaz"
"14036","14","Jalisco","036","Etzatlán"
"14037","14","Jalisco","037","El Grullo"
"14039","14","Jalisco","039","Guadalajara"
"14041","14","Jalisco","041","Huejúcar"
"14044","14","Jalisco","044","Ixtlahuacán De Los Membrillos"
"14047","14","Jalisco","047","Jamay"
"14050","14","Jalisco","050","Jocotepec"
"14051","14","Jalisco","051","Juanacatlán"
"14053","14","Jalisco","053","Lagos De Moreno"
"14063","14","Jalisco","063","Ocotlán"
"14065","14","Jalisco","065","Pihuamo"
"14067","14","Jalisco","067","Puerto Vallarta"
"14068","14","Jalisco","068","Villa Purificación"
"14070","14","Jalisco","070","El Salto"
"14072","14","Jalisco","072","San Diego De Alejandría"
"14073","14","Jalisco","073","San Juan De Los Lagos"
"14077","14","Jalisco","077","San Martín Hidalgo"
"14078","14","Jalisco","078","San Miguel El Alto"
"14079","14","Jalisco","079","Gómez Farías"
"14085","14","Jalisco","085","Tamazula De Gordiano"
"14093","14","Jalisco","093","Tepatitlán De Morelos"
"14095","14","Jalisco","095","Teuchitlán"
"14097","14","Jalisco","097","Tlajomulco De Zúñiga"
"14098","14","Jalisco","098","San Pedro Tlaquepaque"
"14100","14","Jalisco","100","Tomatlán"
"14101","14","Jalisco","101","Tonalá"
"14106","14","Jalisco","106","Tuxcacuesco"
"14110","14","Jalisco","110","Unión De Tula"
"14113","14","Jalisco","113","San Gabriel"
"14118","14","Jalisco","118","Yahualica De González Gallo"
"14120","14","Jalisco","120","Zapopan"
"14121","14","Jalisco","121","Zapotiltic"
"14124","14","Jalisco","124","Zapotlanejo"
"14125","14","Jalisco","125","San Ignacio Cerro Gordo"
"15001","15","México","001","Acambay De Ruiz Castañeda"
"15002","15","México","002","Acolman"
"15003","15","México","003","Aculco"
"15005","15","México","005","Almoloya De Juárez"
"15008","15","México","008","Amatepec"
"15011","15","México","011","Atenco"
"15013","15","México","013","Atizapán De Zaragoza"
"15014","15","México","014","Atlacomulco"
"15016","15","México","016","Axapusco"
"15018","15","México","018","Calimaya"
"15020","15","México","020","Coacalco De Berriozábal"
"15022","15","México","022","Cocotitlán"
"15023","15","México","023","Coyotepec"
"15024","15","México","024","Cuautitlán"
"15025","15","México","025","Chalco"
"15026","15","México","026","Chapa De Mota"
"15029","15","México","029","Chicoloapan"
"15031","15","México","031","Chimalhuacán"
"15032","15","México","032","Donato Guerra"
"15033","15","México","033","Ecatepec De Morelos"
"15035","15","México","035","Huehuetoca"
"15037","15","México","037","Huixquilucan"
"15039","15","México","039","Ixtapaluca"
"15040","15","México","040","Ixtapan De La Sal"
"15042","15","México","042","Ixtlahuaca"
"15043","15","México","043","Xalatlaco"
"15047","15","México","047","Jiquipilco"
"15048","15","México","048","Jocotitlán"
"15051","15","México","051","Lerma"
"15053","15","México","053","Melchor Ocampo"
"15054","15","México","054","Metepec"
"15057","15","México","057","Naucalpan De Juárez"
"15058","15","México","058","Nezahualcóyotl"
"15059","15","México","059","Nextlalpan"
"15060","15","México","060","Nicolás Romero"
"15062","15","México","062","Ocoyoacac"
"15063","15","México","063","Ocuilan"
"15064","15","México","064","El Oro"
"15067","15","México","067","Otzolotepec"
"15070","15","México","070","La Paz"
"15073","15","México","073","San Antonio La Isla"
"15074","15","México","074","San Felipe Del Progreso"
"15075","15","México","075","San Martín De Las Pirámides"
"15076","15","México","076","San Mateo Atenco"
"15079","15","México","079","Soyaniquilpan De Juárez"
"15081","15","México","081","Tecámac"
"15082","15","México","082","Tejupilco"
"15085","15","México","085","Temascalcingo"
"15086","15","México","086","Temascaltepec"
"15087","15","México","087","Temoaya"
"15088","15","México","088","Tenancingo"
"15092","15","México","092","Teotihuacán"
"15093","15","México","093","Tepetlaoxtoc"
"15095","15","México","095","Tepotzotlán"
"15097","15","México","097","Texcaltitlán"
"15099","15","México","099","Texcoco"
"15101","15","México","101","Tianguistenco"
"15102","15","México","102","Timilpan"
"15104","15","México","104","Tlalnepantla De Baz"
"15106","15","México","106","Toluca"
"15107","15","México","107","Tonatico"
"15108","15","México","108","Tultepec"
"15109","15","México","109","Tultitlán"
"15110","15","México","110","Valle De Bravo"
"15111","15","México","111","Villa De Allende"
"15112","15","México","112","Villa Del Carbón"
"15113","15","México","113","Villa Guerrero"
"15114","15","México","114","Villa Victoria"
"15115","15","México","115","Xonacatlán"
"15118","15","México","118","Zinacantepec"
"15119","15","México","119","Zumpahuacán"
"15120","15","México","120","Zumpango"
"15121","15","México","121","Cuautitlán Izcalli"
"15122","15","México","122","Valle De Chalco Solidaridad"
"15123","15","México","123","Luvianos"
"15124","15","México","124","San José Del Rincón"
"16001","16","Michoacán de Ocampo","001","Acuitzio"
"16006","16","Michoacán de Ocampo","006","Apatzingán"
"16009","16","Michoacán de Ocampo","009","Ario"
"16010","16","Michoacán de Ocampo","010","Arteaga"
"16011","16","Michoacán de Ocampo","011","Briseñas"
"16020","16","Michoacán de Ocampo","020","Cuitzeo"
"16024","16","Michoacán de Ocampo","024","Cherán"
"16028","16","Michoacán de Ocampo","028","Churintzio"
"16031","16","Michoacán de Ocampo","031","Epitacio Huerta"
"16034","16","Michoacán de Ocampo","034","Hidalgo"
"16038","16","Michoacán de Ocampo","038","Huetamo"
"16043","16","Michoacán de Ocampo","043","Jacona"
"16045","16","Michoacán de Ocampo","045","Jiquilpan"
"16047","16","Michoacán de Ocampo","047","Jungapeo"
"16049","16","Michoacán de Ocampo","049","Madero"
"16050","16","Michoacán de Ocampo","050","Maravatío"
"16052","16","Michoacán de Ocampo","052","Lázaro Cárdenas"
"16053","16","Michoacán de Ocampo","053","Morelia"
"16055","16","Michoacán de Ocampo","055","Múgica"
"16056","16","Michoacán de Ocampo","056","Nahuatzen"
"16058","16","Michoacán de Ocampo","058","Nuevo Parangaricutiro"
"16061","16","Michoacán de Ocampo","061","Ocampo"
"16066","16","Michoacán de Ocampo","066","Pátzcuaro"
"16068","16","Michoacán de Ocampo","068","Peribán"
"16069","16","Michoacán de Ocampo","069","La Piedad"
"16071","16","Michoacán de Ocampo","071","Puruándiro"
"16075","16","Michoacán de Ocampo","075","Los Reyes"
"16076","16","Michoacán de Ocampo","076","Sahuayo"
"16079","16","Michoacán de Ocampo","079","Salvador Escalante"
"16081","16","Michoacán de Ocampo","081","Susupuato"
"16082","16","Michoacán de Ocampo","082","Tacámbaro"
"16084","16","Michoacán de Ocampo","084","Tangamandapio"
"16085","16","Michoacán de Ocampo","085","Tangancícuaro"
"16087","16","Michoacán de Ocampo","087","Taretan"
"16088","16","Michoacán de Ocampo","088","Tarímbaro"
"16090","16","Michoacán de Ocampo","090","Tingambato"
"16093","16","Michoacán de Ocampo","093","Tlalpujahua"
"16095","16","Michoacán de Ocampo","095","Tocumbo"
"16097","16","Michoacán de Ocampo","097","Turicato"
"16102","16","Michoacán de Ocampo","102","Uruapan"
"16106","16","Michoacán de Ocampo","106","Yurécuaro"
"16107","16","Michoacán de Ocampo","107","Zacapu"
"16108","16","Michoacán de Ocampo","108","Zamora"
"16109","16","Michoacán de Ocampo","109","Zináparo"
"16110","16","Michoacán de Ocampo","110","Zinapécuaro"
"16112","16","Michoacán de Ocampo","112","Zitácuaro"
"17001","17","Morelos","001","Amacuzac"
"17002","17","Morelos","002","Atlatlahucan"
"17003","17","Morelos","003","Axochiapan"
"17004","17","Morelos","004","Ayala"
"17006","17","Morelos","006","Cuautla"
"17007","17","Morelos","007","Cuernavaca"
"17008","17","Morelos","008","Emiliano Zapata"
"17009","17","Morelos","009","Huitzilac"
"17011","17","Morelos","011","Jiutepec"
"17012","17","Morelos","012","Jojutla"
"17013","17","Morelos","013","Jonacatepec De Leandro Valle"
"17014","17","Morelos","014","Mazatepec"
"17016","17","Morelos","016","Ocuituco"
"17017","17","Morelos","017","Puente De Ixtla"
"17018","17","Morelos","018","Temixco"
"17019","17","Morelos","019","Tepalcingo"
"17020","17","Morelos","020","Tepoztlán"
"17021","17","Morelos","021","Tetecala"
"17022","17","Morelos","022","Tetela Del Volcán"
"17023","17","Morelos","023","Tlalnepantla"
"17025","17","Morelos","025","Tlaquiltenango"
"17026","17","Morelos","026","Tlayacapan"
"17028","17","Morelos","028","Xochitepec"
"17029","17","Morelos","029","Yautepec"
"17030","17","Morelos","030","Yecapixtla"
"17031","17","Morelos","031","Zacatepec"
"17033","17","Morelos","033","Temoac"
"17035","17","Morelos","035","Xoxocotla"
"18001","18","Nayarit","001","Acaponeta"
"18003","18","Nayarit","003","Amatlán De Cañas"
"18004","18","Nayarit","004","Compostela"
"18007","18","Nayarit","007","Jala"
"18008","18","Nayarit","008","Xalisco"
"18009","18","Nayarit","009","Del Nayar"
"18011","18","Nayarit","011","Ruiz"
"18012","18","Nayarit","012","San Blas"
"18015","18","Nayarit","015","Santiago Ixcuintla"
"18016","18","Nayarit","016","Tecuala"
"18017","18","Nayarit","017","Tepic"
"18018","18","Nayarit","018","Tuxpan"
"18019","18","Nayarit","019","La Yesca"
"18020","18","Nayarit","020","Bahía De Banderas"
"19001","19","Nuevo León","001","Abasolo"
"19002","19","Nuevo León","002","Agualeguas"
"19003","19","Nuevo León","003","Los Aldamas"
"19004","19","Nuevo León","004","Allende"
"19005","19","Nuevo León","005","Anáhuac"
"19006","19","Nuevo León","006","Apodaca"
"19007","19","Nuevo León","007","Aramberri"
"19008","19","Nuevo León","008","Bustamante"
"19009","19","Nuevo León","009","Cadereyta Jiménez"
"19010","19","Nuevo León","010","El Carmen"
"19013","19","Nuevo León","013","China"
"19014","19","Nuevo León","014","Doctor Arroyo"
"19017","19","Nuevo León","017","Galeana"
"19018","19","Nuevo León","018","García"
"19019","19","Nuevo León","019","San Pedro Garza García"
"19021","19","Nuevo León","021","General Escobedo"
"19022","19","Nuevo León","022","General Terán"
"19023","19","Nuevo León","023","General Treviño"
"19024","19","Nuevo León","024","General Zaragoza"
"19025","19","Nuevo León","025","General Zuazua"
"19026","19","Nuevo León","026","Guadalupe"
"19029","19","Nuevo León","029","Hualahuises"
"19030","19","Nuevo León","030","Iturbide"
"19031","19","Nuevo León","031","Juárez"
"19033","19","Nuevo León","033","Linares"
"19036","19","Nuevo León","036","Mier Y Noriega"
"19038","19","Nuevo León","038","Montemorelos"
"19039","19","Nuevo León","039","Monterrey"
"19041","19","Nuevo León","041","Pesquería"
"19042","19","Nuevo León","042","Los Ramones"
"19044","19","Nuevo León","044","Sabinas Hidalgo"
"19045","19","Nuevo León","045","Salinas Victoria"
"19046","19","Nuevo León","046","San Nicolás De Los Garza"
"19048","19","Nuevo León","048","Santa Catarina"
"19049","19","Nuevo León","049","Santiago"
"20002","20","Oaxaca","002","Acatlán De Pérez Figueroa"
"20005","20","Oaxaca","005","Asunción Ixtaltepec"
"20006","20","Oaxaca","006","Asunción Nochixtlán"
"20016","20","Oaxaca","016","Coicoyán De Las Flores"
"20023","20","Oaxaca","023","Cuilápam De Guerrero"
"20028","20","Oaxaca","028","Heroica Ciudad De Ejutla De Crespo"
"20033","20","Oaxaca","033","Guadalupe Etla"
"20036","20","Oaxaca","036","Guevea De Humboldt"
"20039","20","Oaxaca","039","Heroica Ciudad De Huajuapan De León"
"20041","20","Oaxaca","041","Huautla De Jiménez"
"20042","20","Oaxaca","042","Ixtlán De Juárez"
"20043","20","Oaxaca","043","Heroica Ciudad De Juchitán De Zaragoza"
"20044","20","Oaxaca","044","Loma Bonita"
"20059","20","Oaxaca","059","Miahuatlán De Porfirio Díaz"
"20063","20","Oaxaca","063","Nazareno Etla"
"20067","20","Oaxaca","067","Oaxaca De Juárez"
"20073","20","Oaxaca","073","Putla Villa De Guerrero"
"20076","20","Oaxaca","076","La Reforma"
"20079","20","Oaxaca","079","Salina Cruz"
"20080","20","Oaxaca","080","San Agustín Amatengo"
"20085","20","Oaxaca","085","San Agustín Loxicha"
"20091","20","Oaxaca","091","San Andrés Huayápam"
"20094","20","Oaxaca","094","San Andrés Nuxiño"
"20095","20","Oaxaca","095","San Andrés Paxtlán"
"20102","20","Oaxaca","102","San Andrés Zautla"
"20107","20","Oaxaca","107","San Antonio De La Cal"
"20126","20","Oaxaca","126","San Cristóbal Amatlán"
"20130","20","Oaxaca","130","San Dionisio Del Mar"
"20134","20","Oaxaca","134","San Felipe Jalapa De Díaz"
"20139","20","Oaxaca","139","San Francisco Chapulapa"
"20157","20","Oaxaca","157","San Jacinto Amilpas"
"20170","20","Oaxaca","170","San José Lachiguiri"
"20174","20","Oaxaca","174","Animas Trujano"
"20177","20","Oaxaca","177","San Juan Bautista Cuicatlán"
"20184","20","Oaxaca","184","San Juan Bautista Tuxtepec"
"20190","20","Oaxaca","190","San Juan Cotzocón"
"20197","20","Oaxaca","197","San Juan Guelavía"
"20202","20","Oaxaca","202","San Juan Lachao"
"20203","20","Oaxaca","203","San Juan Lachigalla"
"20205","20","Oaxaca","205","San Juan Lalana"
"20208","20","Oaxaca","208","San Juan Mixtepec"
"20226","20","Oaxaca","226","San Lorenzo Albarradas"
"20227","20","Oaxaca","227","San Lorenzo Cacaotepec"
"20244","20","Oaxaca","244","San Martín Toxpalan"
"20247","20","Oaxaca","247","Capulálpam De Méndez"
"20248","20","Oaxaca","248","San Mateo Del Mar"
"20278","20","Oaxaca","278","San Miguel Soyaltepec"
"20284","20","Oaxaca","284","San Miguel Tilquiápam"
"20286","20","Oaxaca","286","San Miguel Tlacotepec"
"20293","20","Oaxaca","293","San Pablo Etla"
"20298","20","Oaxaca","298","San Pablo Villa De Mitla"
"20313","20","Oaxaca","313","San Pedro Jocotipac"
"20318","20","Oaxaca","318","San Pedro Mixtepec"
"20325","20","Oaxaca","325","San Pedro Quiatoni"
"20326","20","Oaxaca","326","San Pedro Sochiápam"
"20330","20","Oaxaca","330","San Pedro Teutila"
"20334","20","Oaxaca","334","Villa De Tututepec"
"20350","20","Oaxaca","350","San Sebastián Tutla"
"20367","20","Oaxaca","367","Santa Catarina Mechoacán"
"20375","20","Oaxaca","375","Santa Cruz Amilpas"
"20377","20","Oaxaca","377","Santa Cruz Itundujia"
"20379","20","Oaxaca","379","Santa Cruz Nundaco"
"20385","20","Oaxaca","385","Santa Cruz Xoxocotlán"
"20390","20","Oaxaca","390","Santa Lucia Del Camino"
"20397","20","Oaxaca","397","Heroica Ciudad De Tlaxiaco"
"20399","20","Oaxaca","399","Santa María Atzompa"
"20403","20","Oaxaca","403","Santa María Coyotepec"
"20406","20","Oaxaca","406","Santa María Chilchotla"
"20409","20","Oaxaca","409","Santa María Del Tule"
"20412","20","Oaxaca","412","Santa María Guienagati"
"20417","20","Oaxaca","417","Santa María Jacatepec"
"20427","20","Oaxaca","427","Santa María Petapa"
"20428","20","Oaxaca","428","Santa María Quiegolani"
"20434","20","Oaxaca","434","Santa María Teopoxco"
"20439","20","Oaxaca","439","Santa María Tonameca"
"20458","20","Oaxaca","458","Santiago Comaltepec"
"20462","20","Oaxaca","462","Santiago Huajolotitlán"
"20466","20","Oaxaca","466","Santiago Ixtayutla"
"20468","20","Oaxaca","468","Santiago Jocotepec"
"20469","20","Oaxaca","469","Santiago Juxtlahuaca"
"20478","20","Oaxaca","478","Santiago Nacaltepec"
"20482","20","Oaxaca","482","Santiago Pinotepa Nacional"
"20489","20","Oaxaca","489","Santiago Tetepec"
"20502","20","Oaxaca","502","Santiago Zacatepec"
"20515","20","Oaxaca","515","Santo Domingo Tehuantepec"
"20516","20","Oaxaca","516","Santo Domingo Teojomulco"
"20517","20","Oaxaca","517","Santo Domingo Tepuxtepec"
"20519","20","Oaxaca","519","Santo Domingo Tomaltepec"
"20527","20","Oaxaca","527","Santos Reyes Pápalo"
"20539","20","Oaxaca","539","Soledad Etla"
"20540","20","Oaxaca","540","Villa De Tamazulápam Del Progreso"
"20545","20","Oaxaca","545","Teotitlán De Flores Magón"
"20549","20","Oaxaca","549","""Heroica Villa Tezoatlán De Segura Y Luna, Cuna De"
"20551","20","Oaxaca","551","Tlacolula De Matamoros"
"20553","20","Oaxaca","553","Tlalixtac De Cabrera"
"20565","20","Oaxaca","565","Villa De Zaachila"
"20567","20","Oaxaca","567","Zapotitlán Lagunas"
"20570","20","Oaxaca","570","Zimatlán De Álvarez"
"21001","21","Puebla","001","Acajete"
"21006","21","Puebla","006","Ahuacatlán"
"21010","21","Puebla","010","Ajalpan"
"21015","21","Puebla","015","Amozoc"
"21019","21","Puebla","019","Atlixco"
"21026","21","Puebla","026","Calpan"
"21034","21","Puebla","034","Coronango"
"21041","21","Puebla","041","Cuautlancingo"
"21043","21","Puebla","043","Cuetzalan Del Progreso"
"21044","21","Puebla","044","Cuyoaco"
"21045","21","Puebla","045","Chalchicomula De Sesma"
"21047","21","Puebla","047","Chiautla"
"21053","21","Puebla","053","Chignahuapan"
"21066","21","Puebla","066","Guadalupe"
"21071","21","Puebla","071","Huauchinango"
"21072","21","Puebla","072","Huehuetla"
"21073","21","Puebla","073","Huehuetlán El Chico"
"21074","21","Puebla","074","Huejotzingo"
"21083","21","Puebla","083","Ixtacamaxtitlán"
"21085","21","Puebla","085","Izúcar De Matamoros"
"21086","21","Puebla","086","Jalpan"
"21091","21","Puebla","091","Juan Galindo"
"21093","21","Puebla","093","Lafragua"
"21094","21","Puebla","094","Libres"
"21099","21","Puebla","099","Cañada Morelos"
"21104","21","Puebla","104","Nopalucan"
"21106","21","Puebla","106","Ocoyucan"
"21110","21","Puebla","110","Palmar De Bravo"
"21114","21","Puebla","114","Puebla"
"21115","21","Puebla","115","Quecholac"
"21118","21","Puebla","118","Los Reyes De Juárez"
"21119","21","Puebla","119","San Andrés Cholula"
"21125","21","Puebla","125","San Gregorio Atzompa"
"21129","21","Puebla","129","San José Miahuatlán"
"21132","21","Puebla","132","San Martín Texmelucan"
"21138","21","Puebla","138","San Nicolás De Los Ranchos"
"21140","21","Puebla","140","San Pedro Cholula"
"21145","21","Puebla","145","San Sebastián Tlacotepec"
"21153","21","Puebla","153","Tecali De Herrera"
"21154","21","Puebla","154","Tecamachalco"
"21155","21","Puebla","155","Tecomatlán"
"21156","21","Puebla","156","Tehuacán"
"21162","21","Puebla","162","Tepango De Rodríguez"
"21169","21","Puebla","169","Tepexi De Rodríguez"
"21174","21","Puebla","174","Teziutlán"
"21179","21","Puebla","179","Tlachichuca"
"21180","21","Puebla","180","Tlahuapan"
"21183","21","Puebla","183","Tlaola"
"21184","21","Puebla","184","Tlapacoya"
"21194","21","Puebla","194","Venustiano Carranza"
"21197","21","Puebla","197","Xicotepec"
"21200","21","Puebla","200","Xochiapulco"
"21207","21","Puebla","207","Zacapoaxtla"
"21208","21","Puebla","208","Zacatlán"
"22001","22","Querétaro","001","Amealco De Bonfil"
"22002","22","Querétaro","002","Pinal De Amoles"
"22003","22","Querétaro","003","Arroyo Seco"
"22004","22","Querétaro","004","Cadereyta De Montes"
"22005","22","Querétaro","005","Colon"
"22006","22","Querétaro","006","Corregidora"
"22007","22","Querétaro","007","Ezequiel Montes"
"22008","22","Querétaro","008","Huimilpan"
"22009","22","Querétaro","009","Jalpan De Serra"
"22010","22","Querétaro","010","Landa De Matamoros"
"22011","22","Querétaro","011","El Marques"
"22012","22","Querétaro","012","Pedro Escobedo"
"22013","22","Querétaro","013","Peñamiller"
"22014","22","Querétaro","014","Querétaro"
"22015","22","Querétaro","015","San Joaquín"
"22016","22","Querétaro","016","San Juan Del Rio"
"22017","22","Querétaro","017","Tequisquiapan"
"22018","22","Querétaro","018","Tolimán"
"23001","23","Quintana Roo","001","Cozumel"
"23002","23","Quintana Roo","002","Felipe Carrillo Puerto"
"23003","23","Quintana Roo","003","Isla Mujeres"
"23004","23","Quintana Roo","004","Othón P. Blanco"
"23005","23","Quintana Roo","005","Benito Juárez"
"23006","23","Quintana Roo","006","José María Morelos"
"23007","23","Quintana Roo","007","Lázaro Cárdenas"
"23008","23","Quintana Roo","008","Solidaridad"
"23009","23","Quintana Roo","009","Tulum"
"23010","23","Quintana Roo","010","Bacalar"
"24001","24","San Luis Potosí","001","Ahualulco"
"24003","24","San Luis Potosí","003","Aquismón"
"24009","24","San Luis Potosí","009","Cerro De San Pedro"
"24010","24","San Luis Potosí","010","Ciudad Del Maíz"
"24011","24","San Luis Potosí","011","Ciudad Fernández"
"24012","24","San Luis Potosí","012","Tancanhuitz"
"24013","24","San Luis Potosí","013","Ciudad Valles"
"24015","24","San Luis Potosí","015","Charcas"
"24016","24","San Luis Potosí","016","Ebano"
"24017","24","San Luis Potosí","017","Guadalcázar"
"24018","24","San Luis Potosí","018","Huehuetlán"
"24020","24","San Luis Potosí","020","Matehuala"
"24021","24","San Luis Potosí","021","Mexquitic De Carmona"
"24022","24","San Luis Potosí","022","Moctezuma"
"24023","24","San Luis Potosí","023","Rayón"
"24024","24","San Luis Potosí","024","Rioverde"
"24027","24","San Luis Potosí","027","San Ciro De Acosta"
"24028","24","San Luis Potosí","028","San Luis Potosí"
"24029","24","San Luis Potosí","029","San Martín Chalchicuautla"
"24030","24","San Luis Potosí","030","San Nicolás Tolentino"
"24032","24","San Luis Potosí","032","Santa María Del Rio"
"24035","24","San Luis Potosí","035","Soledad De Graciano Sánchez"
"24036","24","San Luis Potosí","036","Tamasopo"
"24037","24","San Luis Potosí","037","Tamazunchale"
"24038","24","San Luis Potosí","038","Tampacán"
"24039","24","San Luis Potosí","039","Tampamolón Corona"
"24040","24","San Luis Potosí","040","Tamuín"
"24041","24","San Luis Potosí","041","Tanlajás"
"24046","24","San Luis Potosí","046","Villa De Arriaga"
"24047","24","San Luis Potosí","047","Villa De Guadalupe"
"24049","24","San Luis Potosí","049","Villa De Ramos"
"24050","24","San Luis Potosí","050","Villa De Reyes"
"24052","24","San Luis Potosí","052","Villa Juárez"
"24053","24","San Luis Potosí","053","Axtla De Terrazas"
"24054","24","San Luis Potosí","054","Xilitla"
"24056","24","San Luis Potosí","056","Villa De Arista"
"24057","24","San Luis Potosí","057","Matlapa"
"25001","25","Sinaloa","001","Ahome"
"25002","25","Sinaloa","002","Angostura"
"25004","25","Sinaloa","004","Concordia"
"25005","25","Sinaloa","005","Cosalá"
"25006","25","Sinaloa","006","Culiacán"
"25007","25","Sinaloa","007","Choix"
"25008","25","Sinaloa","008","Elota"
"25009","25","Sinaloa","009","Escuinapa"
"25010","25","Sinaloa","010","El Fuerte"
"25011","25","Sinaloa","011","Guasave"
"25012","25","Sinaloa","012","Mazatlán"
"25013","25","Sinaloa","013","Mocorito"
"25014","25","Sinaloa","014","Rosario"
"25015","25","Sinaloa","015","Salvador Alvarado"
"25016","25","Sinaloa","016","San Ignacio"
"25017","25","Sinaloa","017","Sinaloa"
"25018","25","Sinaloa","018","Navolato"
"26002","26","Sonora","002","Agua Prieta"
"26003","26","Sonora","003","Alamos"
"26006","26","Sonora","006","Arizpe"
"26007","26","Sonora","007","Atil"
"26012","26","Sonora","012","Bácum"
"26014","26","Sonora","014","Baviácora"
"26017","26","Sonora","017","Caborca"
"26018","26","Sonora","018","Cajeme"
"26019","26","Sonora","019","Cananea"
"26025","26","Sonora","025","Empalme"
"26026","26","Sonora","026","Etchojoa"
"26027","26","Sonora","027","Fronteras"
"26029","26","Sonora","029","Guaymas"
"26030","26","Sonora","030","Hermosillo"
"26033","26","Sonora","033","Huatabampo"
"26036","26","Sonora","036","Magdalena"
"26040","26","Sonora","040","Nácori Chico"
"26042","26","Sonora","042","Navojoa"
"26043","26","Sonora","043","Nogales"
"26048","26","Sonora","048","Puerto Peñasco"
"26049","26","Sonora","049","Quiriego"
"26052","26","Sonora","052","Sahuaripa"
"26055","26","Sonora","055","San Luis Rio Colorado"
"26057","26","Sonora","057","San Pedro De La Cueva"
"26058","26","Sonora","058","Santa Ana"
"26062","26","Sonora","062","Suaqui Grande"
"26067","26","Sonora","067","Villa Hidalgo"
"26070","26","Sonora","070","General Plutarco Elías Calles"
"26071","26","Sonora","071","Benito Juárez"
"27001","27","Tabasco","001","Balancán"
"27002","27","Tabasco","002","Cárdenas"
"27003","27","Tabasco","003","Centla"
"27004","27","Tabasco","004","Centro"
"27005","27","Tabasco","005","Comalcalco"
"27006","27","Tabasco","006","Cunduacán"
"27007","27","Tabasco","007","Emiliano Zapata"
"27008","27","Tabasco","008","Huimanguillo"
"27009","27","Tabasco","009","Jalapa"
"27010","27","Tabasco","010","Jalpa De Méndez"
"27012","27","Tabasco","012","Macuspana"
"27013","27","Tabasco","013","Nacajuca"
"27014","27","Tabasco","014","Paraíso"
"27015","27","Tabasco","015","Tacotalpa"
"27017","27","Tabasco","017","Tenosique"
"28002","28","Tamaulipas","002","Aldama"
"28003","28","Tamaulipas","003","Altamira"
"28005","28","Tamaulipas","005","Burgos"
"28009","28","Tamaulipas","009","Ciudad Madero"
"28011","28","Tamaulipas","011","Gómez Farías"
"28012","28","Tamaulipas","012","González"
"28013","28","Tamaulipas","013","Güémez"
"28017","28","Tamaulipas","017","Jaumave"
"28021","28","Tamaulipas","021","El Mante"
"28022","28","Tamaulipas","022","Matamoros"
"28025","28","Tamaulipas","025","Miguel Alemán"
"28027","28","Tamaulipas","027","Nuevo Laredo"
"28032","28","Tamaulipas","032","Reynosa"
"28033","28","Tamaulipas","033","Rio Bravo"
"28037","28","Tamaulipas","037","Soto La Marina"
"28038","28","Tamaulipas","038","Tampico"
"28039","28","Tamaulipas","039","Tula"
"28040","28","Tamaulipas","040","Valle Hermoso"
"28041","28","Tamaulipas","041","Victoria"
"29001","29","Tlaxcala","001","Amaxac De Guerrero"
"29002","29","Tlaxcala","002","Apetatitlán De Antonio Carvajal"
"29003","29","Tlaxcala","003","Atlangatepec"
"29004","29","Tlaxcala","004","Atltzayanca"
"29005","29","Tlaxcala","005","Apizaco"
"29006","29","Tlaxcala","006","Calpulalpan"
"29007","29","Tlaxcala","007","El Carmen Tequexquitla"
"29008","29","Tlaxcala","008","Cuapiaxtla"
"29010","29","Tlaxcala","010","Chiautempan"
"29011","29","Tlaxcala","011","Muñoz De Domingo Arenas"
"29012","29","Tlaxcala","012","Españita"
"29013","29","Tlaxcala","013","Huamantla"
"29014","29","Tlaxcala","014","Hueyotlipan"
"29015","29","Tlaxcala","015","Ixtacuixtla De Mariano Matamoros"
"29016","29","Tlaxcala","016","Ixtenco"
"29017","29","Tlaxcala","017","Mazatecochco De José María Morelos"
"29018","29","Tlaxcala","018","Contla De Juan Cuamatzi"
"29019","29","Tlaxcala","019","Tepetitla De Lardizábal"
"29021","29","Tlaxcala","021","Nanacamilpa De Mariano Arista"
"29022","29","Tlaxcala","022","Acuamanala De Miguel Hidalgo"
"29023","29","Tlaxcala","023","Nativitas"
"29024","29","Tlaxcala","024","Panotla"
"29025","29","Tlaxcala","025","San Pablo Del Monte"
"29026","29","Tlaxcala","026","Santa Cruz Tlaxcala"
"29027","29","Tlaxcala","027","Tenancingo"
"29028","29","Tlaxcala","028","Teolocholco"
"29029","29","Tlaxcala","029","Tepeyanco"
"29031","29","Tlaxcala","031","Tetla De La Solidaridad"
"29032","29","Tlaxcala","032","Tetlatlahuca"
"29033","29","Tlaxcala","033","Tlaxcala"
"29034","29","Tlaxcala","034","Tlaxco"
"29035","29","Tlaxcala","035","Tocatlán"
"29036","29","Tlaxcala","036","Totolac"
"29037","29","Tlaxcala","037","Ziltlaltépec De Trinidad Sánchez Santos"
"29038","29","Tlaxcala","038","Tzompantepec"
"29039","29","Tlaxcala","039","Xaloztoc"
"29040","29","Tlaxcala","040","Xaltocan"
"29041","29","Tlaxcala","041","Papalotla De Xicohténcatl"
"29042","29","Tlaxcala","042","Xicohtzinco"
"29043","29","Tlaxcala","043","Yauhquemehcan"
"29044","29","Tlaxcala","044","Zacatelco"
"29046","29","Tlaxcala","046","Emiliano Zapata"
"29047","29","Tlaxcala","047","Lázaro Cárdenas"
"29048","29","Tlaxcala","048","La Magdalena Tlaltelulco"
"29049","29","Tlaxcala","049","San Damián Texóloc"
"29050","29","Tlaxcala","050","San Francisco Tetlanohcan"
"29051","29","Tlaxcala","051","San Jerónimo Zacualpan"
"29052","29","Tlaxcala","052","San José Teacalco"
"29053","29","Tlaxcala","053","San Juan Huactzinco"
"29054","29","Tlaxcala","054","San Lorenzo Axocomanitla"
"29055","29","Tlaxcala","055","San Lucas Tecopilco"
"29056","29","Tlaxcala","056","Santa Ana Nopalucan"
"29057","29","Tlaxcala","057","Santa Apolonia Teacalco"
"29059","29","Tlaxcala","059","Santa Cruz Quilehtla"
"29060","29","Tlaxcala","060","Santa Isabel Xiloxoxtla"
"30001","30","Veracruz de Ignacio de la Llave","001","Acajete"
"30003","30","Veracruz de Ignacio de la Llave","003","Acayucan"
"30007","30","Veracruz de Ignacio de la Llave","007","Camarón De Tejeda"
"30010","30","Veracruz de Ignacio de la Llave","010","Altotonga"
"30011","30","Veracruz de Ignacio de la Llave","011","Alvarado"
"30013","30","Veracruz de Ignacio de la Llave","013","Naranjos Amatlán"
"30014","30","Veracruz de Ignacio de la Llave","014","Amatlán De Los Reyes"
"30015","30","Veracruz de Ignacio de la Llave","015","Angel R. Cabada"
"30019","30","Veracruz de Ignacio de la Llave","019","Astacinga"
"30021","30","Veracruz de Ignacio de la Llave","021","Atoyac"
"30024","30","Veracruz de Ignacio de la Llave","024","Tlaltetela"
"30026","30","Veracruz de Ignacio de la Llave","026","Banderilla"
"30028","30","Veracruz de Ignacio de la Llave","028","Boca Del Rio"
"30031","30","Veracruz de Ignacio de la Llave","031","Carrillo Puerto"
"30032","30","Veracruz de Ignacio de la Llave","032","Catemaco"
"30034","30","Veracruz de Ignacio de la Llave","034","Cerro Azul"
"30038","30","Veracruz de Ignacio de la Llave","038","Coatepec"
"30039","30","Veracruz de Ignacio de la Llave","039","Coatzacoalcos"
"30040","30","Veracruz de Ignacio de la Llave","040","Coatzintla"
"30043","30","Veracruz de Ignacio de la Llave","043","Comapa"
"30044","30","Veracruz de Ignacio de la Llave","044","Córdoba"
"30046","30","Veracruz de Ignacio de la Llave","046","Cosautlán De Carvajal"
"30047","30","Veracruz de Ignacio de la Llave","047","Coscomatepec"
"30048","30","Veracruz de Ignacio de la Llave","048","Cosoleacaque"
"30052","30","Veracruz de Ignacio de la Llave","052","Cuichapa"
"30055","30","Veracruz de Ignacio de la Llave","055","Chalma"
"30058","30","Veracruz de Ignacio de la Llave","058","Chicontepec"
"30059","30","Veracruz de Ignacio de la Llave","059","Chinameca"
"30060","30","Veracruz de Ignacio de la Llave","060","Chinampa De Gorostiza"
"30061","30","Veracruz de Ignacio de la Llave","061","Las Choapas"
"30062","30","Veracruz de Ignacio de la Llave","062","Chocamán"
"30065","30","Veracruz de Ignacio de la Llave","065","Emiliano Zapata"
"30068","30","Veracruz de Ignacio de la Llave","068","Fortín"
"30071","30","Veracruz de Ignacio de la Llave","071","Huatusco"
"30073","30","Veracruz de Ignacio de la Llave","073","Hueyapan De Ocampo"
"30079","30","Veracruz de Ignacio de la Llave","079","Ixhuacán De Los Reyes"
"30080","30","Veracruz de Ignacio de la Llave","080","Ixhuatlán Del Café"
"30083","30","Veracruz de Ignacio de la Llave","083","Ixhuatlán De Madero"
"30085","30","Veracruz de Ignacio de la Llave","085","Ixtaczoquitlán"
"30086","30","Veracruz de Ignacio de la Llave","086","Jalacingo"
"30087","30","Veracruz de Ignacio de la Llave","087","Xalapa"
"30089","30","Veracruz de Ignacio de la Llave","089","Jáltipan"
"30092","30","Veracruz de Ignacio de la Llave","092","Xico"
"30093","30","Veracruz de Ignacio de la Llave","093","Jilotepec"
"30094","30","Veracruz de Ignacio de la Llave","094","Juan Rodríguez Clara"
"30095","30","Veracruz de Ignacio de la Llave","095","Juchique De Ferrer"
"30099","30","Veracruz de Ignacio de la Llave","099","Maltrata"
"30101","30","Veracruz de Ignacio de la Llave","101","Mariano Escobedo"
"30105","30","Veracruz de Ignacio de la Llave","105","Medellín De Bravo"
"30108","30","Veracruz de Ignacio de la Llave","108","Minatitlán"
"30109","30","Veracruz de Ignacio de la Llave","109","Misantla"
"30111","30","Veracruz de Ignacio de la Llave","111","Moloacán"
"30114","30","Veracruz de Ignacio de la Llave","114","Nautla"
"30115","30","Veracruz de Ignacio de la Llave","115","Nogales"
"30118","30","Veracruz de Ignacio de la Llave","118","Orizaba"
"30122","30","Veracruz de Ignacio de la Llave","122","Pajapan"
"30123","30","Veracruz de Ignacio de la Llave","123","Pánuco"
"30124","30","Veracruz de Ignacio de la Llave","124","Papantla"
"30127","30","Veracruz de Ignacio de la Llave","127","La Perla"
"30128","30","Veracruz de Ignacio de la Llave","128","Perote"
"30130","30","Veracruz de Ignacio de la Llave","130","Playa Vicente"
"30131","30","Veracruz de Ignacio de la Llave","131","Poza Rica De Hidalgo"
"30133","30","Veracruz de Ignacio de la Llave","133","Pueblo Viejo"
"30135","30","Veracruz de Ignacio de la Llave","135","Rafael Delgado"
"30138","30","Veracruz de Ignacio de la Llave","138","Rio Blanco"
"30141","30","Veracruz de Ignacio de la Llave","141","San Andrés Tuxtla"
"30142","30","Veracruz de Ignacio de la Llave","142","San Juan Evangelista"
"30143","30","Veracruz de Ignacio de la Llave","143","Santiago Tuxtla"
"30147","30","Veracruz de Ignacio de la Llave","147","Soledad Atzompa"
"30154","30","Veracruz de Ignacio de la Llave","154","Tantima"
"30155","30","Veracruz de Ignacio de la Llave","155","Tantoyuca"
"30156","30","Veracruz de Ignacio de la Llave","156","Tatatila"
"30157","30","Veracruz de Ignacio de la Llave","157","Castillo De Teayo"
"30160","30","Veracruz de Ignacio de la Llave","160","Álamo Temapache"
"30162","30","Veracruz de Ignacio de la Llave","162","Tenampa"
"30164","30","Veracruz de Ignacio de la Llave","164","Teocelo"
"30167","30","Veracruz de Ignacio de la Llave","167","Tepetzintla"
"30170","30","Veracruz de Ignacio de la Llave","170","Texcatepec"
"30174","30","Veracruz de Ignacio de la Llave","174","Tierra Blanca"
"30175","30","Veracruz de Ignacio de la Llave","175","Tihuatlán"
"30177","30","Veracruz de Ignacio de la Llave","177","Tlacolulan"
"30188","30","Veracruz de Ignacio de la Llave","188","Totutla"
"30189","30","Veracruz de Ignacio de la Llave","189","Tuxpan"
"30192","30","Veracruz de Ignacio de la Llave","192","Vega De Alatorre"
"30193","30","Veracruz de Ignacio de la Llave","193","Veracruz"
"30199","30","Veracruz de Ignacio de la Llave","199","Zaragoza"
"30201","30","Veracruz de Ignacio de la Llave","201","Zongolica"
"30202","30","Veracruz de Ignacio de la Llave","202","Zontecomatlán De López Y Fuentes"
"30203","30","Veracruz de Ignacio de la Llave","203","Zozocolco De Hidalgo"
"30206","30","Veracruz de Ignacio de la Llave","206","Nanchital De Lázaro Cárdenas Del Rio"
"30208","30","Veracruz de Ignacio de la Llave","208","Carlos A. Carrillo"
"30211","30","Veracruz de Ignacio de la Llave","211","San Rafael"
"31002","31","Yucatán","002","Acanceh"
"31005","31","Yucatán","005","Bokobá"
"31013","31","Yucatán","013","Conkal"
"31014","31","Yucatán","014","Cuncunul"
"31015","31","Yucatán","015","Cuzamá"
"31017","31","Yucatán","017","Chankom"
"31019","31","Yucatán","019","Chemax"
"31021","31","Yucatán","021","Chichimilá"
"31022","31","Yucatán","022","Chikindzonot"
"31023","31","Yucatán","023","Chocholá"
"31027","31","Yucatán","027","Dzidzantún"
"31028","31","Yucatán","028","Dzilam De Bravo"
"31029","31","Yucatán","029","Dzilam González"
"31030","31","Yucatán","030","Dzitás"
"31032","31","Yucatán","032","Espita"
"31034","31","Yucatán","034","Hocabá"
"31035","31","Yucatán","035","Hoctún"
"31037","31","Yucatán","037","Huhí"
"31038","31","Yucatán","038","Hunucmá"
"31040","31","Yucatán","040","Izamal"
"31041","31","Yucatán","041","Kanasín"
"31045","31","Yucatán","045","Kopomá"
"31048","31","Yucatán","048","Maxcanú"
"31050","31","Yucatán","050","Mérida"
"31051","31","Yucatán","051","Mocochá"
"31052","31","Yucatán","052","Motul"
"31053","31","Yucatán","053","Muna"
"31056","31","Yucatán","056","Oxkutzcab"
"31059","31","Yucatán","059","Progreso"
"31065","31","Yucatán","065","San Felipe"
"31070","31","Yucatán","070","Sucilá"
"31072","31","Yucatán","072","Suma"
"31073","31","Yucatán","073","Tahdziú"
"31076","31","Yucatán","076","Tecoh"
"31078","31","Yucatán","078","Tekantó"
"31079","31","Yucatán","079","Tekax"
"31080","31","Yucatán","080","Tekit"
"31083","31","Yucatán","083","Telchac Puerto"
"31084","31","Yucatán","084","Temax"
"31085","31","Yucatán","085","Temozón"
"31089","31","Yucatán","089","Ticul"
"31090","31","Yucatán","090","Timucuy"
"31093","31","Yucatán","093","Tixkokob"
"31094","31","Yucatán","094","Tixmehuac"
"31096","31","Yucatán","096","Tizimín"
"31097","31","Yucatán","097","Tunkás"
"31098","31","Yucatán","098","Tzucacab"
"31101","31","Yucatán","101","Umán"
"31102","31","Yucatán","102","Valladolid"
"31104","31","Yucatán","104","Yaxcabá"
"32001","32","Zacatecas","001","Apozol"
"32005","32","Zacatecas","005","Calera"
"32007","32","Zacatecas","007","Concepción Del Oro"
"32009","32","Zacatecas","009","Chalchihuites"
"32010","32","Zacatecas","010","Fresnillo"
"32011","32","Zacatecas","011","Trinidad García De La Cadena"
"32012","32","Zacatecas","012","Genaro Codina"
"32014","32","Zacatecas","014","General Francisco R. Murguía"
"32017","32","Zacatecas","017","Guadalupe"
"32018","32","Zacatecas","018","Huanusco"
"32020","32","Zacatecas","020","Jerez"
"32022","32","Zacatecas","022","Juan Aldama"
"32023","32","Zacatecas","023","Juchipila"
"32024","32","Zacatecas","024","Loreto"
"32026","32","Zacatecas","026","Mazapil"
"32029","32","Zacatecas","029","Miguel Auza"
"32034","32","Zacatecas","034","Nochistlán De Mejía"
"32035","32","Zacatecas","035","Noria De Ángeles"
"32036","32","Zacatecas","036","Ojocaliente"
"32037","32","Zacatecas","037","Pánuco"
"32038","32","Zacatecas","038","Pinos"
"32039","32","Zacatecas","039","Rio Grande"
"32040","32","Zacatecas","040","Sain Alto"
"32042","32","Zacatecas","042","Sombrerete"
"32046","32","Zacatecas","046","Tepetongo"
"32048","32","Zacatecas","048","Tlaltenango De Sánchez Román"
"32049","32","Zacatecas","049","Valparaíso"
"32050","32","Zacatecas","050","Vetagrande"
"32051","32","Zacatecas","051","Villa De Cos"
"32052","32","Zacatecas","052","Villa García"
"32053","32","Zacatecas","053","Villa González Ortega"
"32054","32","Zacatecas","054","Villa Hidalgo"
"32055","32","Zacatecas","055","Villanueva"
"32056","32","Zacatecas","056","Zacatecas"